timestamp,row_count,duplicate_id_count,empty_title_count,empty_description_count
1786278919,334,0,0,0
1786292351,1376,0,0,0
1786295420,1574,0,0,0
1786320337,958,0,0,0
1786540581,1232,0,0,0
1786580062,1148,0,0,12
1786666481,1620,0,0,15
1786751603,1300,0,0,11
1786838794,1346,0,0,7
1786924260,1862,0,0,6
1787010836,988,0,0,4
1787097217,958,0,0,0
1787183605,589,0,0,1
1787270118,743,0,0,3
1787356217,561,0,0,0
1787442453,696,0,0,0
1787528820,487,0,0,0
1787615333,258,0,0,0
1787701868,408,0,0,1
